Pair,Pair_Type,Action,Bought,Sold,Timestamp,Step,Price_A,Price_B,Shares_A,Shares_B,Transaction_Cost,Realised_PnL,Capital_After
LUPIN-MPHASIS,positive,OPEN_SHORT,MPHASIS,LUPIN,2024-02-05,0,1556.601806640625,2399.809326171875,3.2121252710034645,2.08349886195996,10.0,,9990.0
LUPIN-MPHASIS,positive,CLOSE,CLOSE,CLOSE,2026-02-01,493,2135.199951171875,2769.89990234375,,,12.629613016080752,-1100.0760405444166,8889.923959455584
DRREDDY-MPHASIS,positive,OPEN_SHORT,MPHASIS,DRREDDY,2024-02-15,8,1235.333618164062,2599.373779296875,4.0474896226259425,1.9235402156562837,10.0,,9990.0
DRREDDY-MPHASIS,positive,CLOSE,CLOSE,CLOSE,2024-09-30,160,1341.809936523438,2951.42529296875,,,11.108147038145509,235.11530387738392,10225.115303877385
DRREDDY-MPHASIS,positive,OPEN_LONG,DRREDDY,MPHASIS,2024-10-01,161,1341.313110351562,2956.5234375,3.8116064120171584,1.7292464477338316,10.225115303877384,,10214.890188573507
DRREDDY-MPHASIS,positive,CLOSE,CLOSE,CLOSE,2024-10-25,178,1294.728637695312,2981.474853515625,,,10.090700776711332,-230.7995229646604,9984.090665608846
DRREDDY-MPHASIS,positive,OPEN_SHORT,MPHASIS,DRREDDY,2024-10-29,180,1266.666625976562,2963.288330078125,3.94108854723768,1.684630308206563,9.984090665608846,,9974.106574943238
DRREDDY-MPHASIS,positive,CLOSE,CLOSE,CLOSE,2024-12-02,202,1214.05029296875,2990.24951171875,,,9.822144661930972,242.96310648966022,10217.069681432899
DRREDDY-MPHASIS,positive,OPEN_SHORT,MPHASIS,DRREDDY,2024-12-20,216,1335.18212890625,2892.796875,3.8260958786957713,1.7659500688987881,10.217069681432898,,10206.852611751465
DRREDDY-MPHASIS,positive,CLOSE,CLOSE,CLOSE,2025-05-27,321,1235.365112304688,2488.083740234375,,,9.120457017366354,-341.9141693980224,9864.938442353443
DRREDDY-MPHASIS,positive,OPEN_SHORT,MPHASIS,DRREDDY,2025-05-29,323,1240.333618164062,2516.123291015625,3.9767278326921,1.9603448045607281,9.864938442353443,,9855.07350391109
DRREDDY-MPHASIS,positive,CLOSE,CLOSE,CLOSE,2025-06-02,325,1239.836669921875,2442.298583984375,,,9.718240333570401,-152.46389330438657,9702.609610606703
DRREDDY-MPHASIS,positive,OPEN_LONG,DRREDDY,MPHASIS,2025-06-05,328,1282.466430664062,2480.240478515625,3.782792819607249,1.9559816265101688,9.702609610606704,,9692.907000996096
DRREDDY-MPHASIS,positive,CLOSE,CLOSE,CLOSE,2025-06-06,329,1312.575439453125,2495.338623046875,,,9.846037446156982,74.51841150908193,9767.425412505178
DRREDDY-MPHASIS,positive,OPEN_SHORT,MPHASIS,DRREDDY,2025-06-17,336,1310.48876953125,2640.63525390625,3.726634534990673,1.8494461508942555,9.767425412505178,,9757.657987092673
DRREDDY-MPHASIS,positive,CLOSE,CLOSE,CLOSE,2025-09-19,402,1321.699951171875,2993.800048828125,,,10.462364659784805,600.9169292598295,10358.574916352502
DRREDDY-MPHASIS,positive,OPEN_LONG,DRREDDY,MPHASIS,2025-09-22,403,1301.400024414062,2852.39990234375,3.979781282475506,1.8157648420617851,10.358574916352502,,10348.21634143615
DRREDDY-MPHASIS,positive,CLOSE,CLOSE,CLOSE,2025-10-27,426,1284.300048828125,2888.699951171875,,,10.356433106012037,-144.3229483009479,10203.893393135202
DRREDDY-MPHASIS,positive,OPEN_SHORT,MPHASIS,DRREDDY,2025-10-29,428,1250.900024414062,2874.60009765625,4.0786206707106105,1.774837028888775,10.203893393135202,,10193.689499742068
DRREDDY-MPHASIS,positive,CLOSE,CLOSE,CLOSE,2025-12-29,469,1268.599975585938,2812.300048828125,,,10.165512346293648,-192.9293326282102,10000.760167113858
DRREDDY-MPHASIS,positive,OPEN_LONG,DRREDDY,MPHASIS,2025-12-30,470,1265.800048828125,2795.699951171875,3.950371220309456,1.788596834742912,10.000760167113858,,9990.759406946745
DRREDDY-MPHASIS,positive,CLOSE,CLOSE,CLOSE,2026-01-12,479,1215.5,2832.199951171875,,,9.86734008631119,-273.85498982521284,9716.904417121532
DRREDDY-MPHASIS,positive,OPEN_SHORT,MPHASIS,DRREDDY,2026-01-13,480,1191.300048828125,2873.699951171875,4.078277519874189,1.690660921847294,9.716904417121532,,9707.18751270441
DRREDDY-MPHASIS,positive,CLOSE,CLOSE,CLOSE,2026-02-01,493,1178.699951171875,2769.89990234375,,,9.490027035862276,-133.5940182557104,9573.5934944487
CIPLA-MPHASIS,positive,OPEN_SHORT,MPHASIS,CIPLA,2024-02-05,0,1406.816162109375,2399.809326171875,3.554124650162547,2.08349886195996,10.0,,9990.0
CIPLA-MPHASIS,positive,CLOSE,CLOSE,CLOSE,2024-09-18,152,1634.143432617188,2945.542724609375,,,11.944984370344061,317.14047444174116,10307.140474441741
CIPLA-MPHASIS,positive,OPEN_LONG,CIPLA,MPHASIS,2024-09-19,153,1620.390380859375,2919.905029296875,3.1804497842598103,1.764978718661227,10.307140474441741,,10296.833333967299
CIPLA-MPHASIS,positive,CLOSE,CLOSE,CLOSE,2024-09-20,154,1621.330444335938,2969.023681640625,,,10.396823675199004,-94.10037507001198,10202.732958897286
CIPLA-MPHASIS,positive,OPEN_SHORT,MPHASIS,CIPLA,2024-09-24,156,1620.242065429688,3011.965576171875,3.1485211921687526,1.6937001271881529,10.202732958897286,,10192.53022593839
CIPLA-MPHASIS,positive,CLOSE,CLOSE,CLOSE,2025-09-26,407,1499.400024414062,2642.39990234375,,,9.196325803087591,-254.65602752753452,9937.874198410855
CIPLA-MPHASIS,positive,OPEN_SHORT,MPHASIS,CIPLA,2025-09-29,408,1488.0,2678.10009765625,3.3393394483907444,1.8553963324798848,9.937874198410855,,9927.936324212444
CIPLA-MPHASIS,positive,CLOSE,CLOSE,CLOSE,2025-12-30,470,1492.5,2795.699951171875,,,10.171095562841677,192.99621383246227,10120.932538044906
CIPLA-MPHASIS,positive,OPEN_SHORT,MPHASIS,CIPLA,2026-01-07,476,1467.900024414062,2874.800048828125,3.4474188874289493,1.7602846052146432,10.120932538044906,,10110.811605506862
CIPLA-MPHASIS,positive,CLOSE,CLOSE,CLOSE,2026-02-01,493,1328.900024414062,2769.89990234375,,,9.457087199751077,285.08002521166657,10395.891630718528
WIPRO-DIVISLAB,positive,OPEN_LONG,WIPRO,DIVISLAB,2024-02-05,0,226.0776062011719,3660.265625,22.11629928331257,1.3660210794127816,10.0,,9990.0
WIPRO-DIVISLAB,positive,CLOSE,CLOSE,CLOSE,2026-02-01,493,241.8000030517578,6056.0,,,13.620344891122375,-2938.522767616359,7051.4772323836405
AUROPHARMA-MPHASIS,positive,OPEN_SHORT,MPHASIS,AUROPHARMA,2024-02-05,0,1012.980163574219,2399.809326171875,4.935930810686265,2.08349886195996,10.0,,9990.0
AUROPHARMA-MPHASIS,positive,CLOSE,CLOSE,CLOSE,2024-02-21,12,1036.90771484375,2547.3115234375,,,10.425425397675077,178.79049720629473,10168.790497206295
AUROPHARMA-MPHASIS,positive,OPEN_LONG,AUROPHARMA,MPHASIS,2024-03-01,19,1022.561584472656,2511.70751953125,4.972214217518464,2.0242783879358806,10.168790497206295,,10158.62170670909
AUROPHARMA-MPHASIS,positive,CLOSE,CLOSE,CLOSE,2024-06-19,89,1217.131103515625,2314.158447265625,,,10.736337508543388,1356.5993089167246,11515.221015625813
AUROPHARMA-MPHASIS,positive,OPEN_SHORT,MPHASIS,AUROPHARMA,2024-06-20,90,1238.55078125,2323.3232421875,4.648667293239339,2.4781788445381756,11.515221015625814,,11503.705794610187
AUROPHARMA-MPHASIS,positive,CLOSE,CLOSE,CLOSE,2025-01-29,243,1151.826293945312,2950.2978515625,,,12.665822940985272,1944.2426777309795,13447.948472341166
AUROPHARMA-MPHASIS,positive,OPEN_LONG,AUROPHARMA,MPHASIS,2025-02-06,250,1187.343017578125,2770.29443359375,5.663042723648441,2.427169529214244,13.447948472341166,,13434.500523868825
AUROPHARMA-MPHASIS,positive,CLOSE,CLOSE,CLOSE,2026-02-01,493,1172.099975585938,2769.89990234375,,,13.360668880072721,-98.7250726918724,13335.775451176953
ALKEM-MPHASIS,positive,OPEN_SHORT,MPHASIS,ALKEM,2024-02-05,0,4841.01904296875,2399.809326171875,1.032840390756603,2.08349886195996,10.0,,9990.0
ALKEM-MPHASIS,positive,CLOSE,CLOSE,CLOSE,2025-07-21,360,4991.490234375,2802.89990234375,,,10.995251480850529,673.4307811103927,10663.430781110394
ALKEM-MPHASIS,positive,OPEN_SHORT,MPHASIS,ALKEM,2025-07-25,364,5003.669921875,2625.0,1.065560973006243,2.031129672592456,10.663430781110394,,10652.767350329283
ALKEM-MPHASIS,positive,CLOSE,CLOSE,CLOSE,2026-02-01,493,5565.0,2769.89990234375,,,11.55587269654108,-315.3768057149467,10337.390544614336
LTIM-DIVISLAB,positive,OPEN_LONG,LTIM,DIVISLAB,2024-02-26,15,5330.33935546875,3539.4111328125,0.9380265807786079,1.4126643705352426,10.0,,9990.0
LTIM-DIVISLAB,positive,CLOSE,CLOSE,CLOSE,2024-03-05,21,5004.05322265625,3447.496337890625,,,9.564090178571231,-185.78439978496888,9804.215600215031
LTIM-DIVISLAB,positive,OPEN_LONG,LTIM,DIVISLAB,2024-04-16,47,4546.99853515625,3724.279541015625,1.078097510303918,1.3162566735714722,9.80421560021503,,9794.411384614816
LTIM-DIVISLAB,positive,CLOSE,CLOSE,CLOSE,2024-04-18,48,4580.4462890625,3669.56591796875,,,9.768258368955895,98.30885331335351,9892.72023792817
LTIM-DIVISLAB,positive,OPEN_LONG,LTIM,DIVISLAB,2024-04-26,54,4669.0869140625,3973.755615234375,1.0593848883100645,1.2447570001539576,9.89272023792817,,9882.827517690243
LTIM-DIVISLAB,positive,CLOSE,CLOSE,CLOSE,2024-04-29,55,4626.08349609375,3946.94287109375,,,9.813787715824015,-21.995607895219273,9860.831909795023
LTIM-DIVISLAB,positive,OPEN_LONG,LTIM,DIVISLAB,2024-04-30,56,4589.4658203125,3959.953369140625,1.074289720837663,1.245069195339412,9.860831909795023,,9850.971077885228
LTIM-DIVISLAB,positive,CLOSE,CLOSE,CLOSE,2024-05-02,57,4576.1064453125,3922.603759765625,,,9.799977222464936,22.351031628992022,9873.32210951422
LTIM-DIVISLAB,positive,OPEN_LONG,LTIM,DIVISLAB,2024-05-03,58,4536.369140625,3909.048828125,1.0882405954461103,1.2628803762282526,9.87332210951422,,9863.448787404706
LTIM-DIVISLAB,positive,CLOSE,CLOSE,CLOSE,2024-05-06,59,4587.07666015625,3920.97119140625,,,9.943560609388657,30.181902012739208,9893.630689417445
LTIM-DIVISLAB,positive,OPEN_SHORT,DIVISLAB,LTIM,2024-05-16,67,4652.65625,3889.458984375,1.06322390456177,1.2718517831352398,9.893630689417446,,9883.737058728027
LTIM-DIVISLAB,positive,CLOSE,CLOSE,CLOSE,2024-05-21,69,4613.2109375,3973.953369140625,,,9.959155824173612,139.44437727781076,10023.181436005838
LTIM-DIVISLAB,positive,OPEN_LONG,LTIM,DIVISLAB,2024-05-31,77,4585.07763671875,4261.52099609375,1.093021997679716,1.1760098618771813,10.023181436005839,,10013.158254569833
LTIM-DIVISLAB,positive,CLOSE,CLOSE,CLOSE,2024-06-03,78,4533.8818359375,4276.06494140625,,,9.984327122681206,-83.04628668351825,9930.111967886314
LTIM-DIVISLAB,positive,OPEN_LONG,LTIM,DIVISLAB,2024-06-04,79,4515.59765625,4278.291015625,1.0995346268441488,1.1605232009253186,9.930111967886315,,9920.181855918428
LTIM-DIVISLAB,positive,CLOSE,CLOSE,CLOSE,2024-06-06,81,4680.98388671875,4401.7177734375,,,10.255199471146327,28.35307167607452,9948.534927594503
LTIM-DIVISLAB,positive,OPEN_SHORT,DIVISLAB,LTIM,2024-07-18,109,5663.94384765625,4536.1767578125,0.8782338945425124,1.0965770800774557,9.948534927594503,,9938.586392666908
LTIM-DIVISLAB,positive,CLOSE,CLOSE,CLOSE,2024-07-25,114,5507.51123046875,4498.77783203125,,,9.770139696137209,86.60348209868228,10025.18987476559
LTIM-DIVISLAB,positive,OPEN_LONG,LTIM,DIVISLAB,2024-08-05,121,5303.06689453125,4805.07080078125,0.9452256660295947,1.0431885699931422,10.02518987476559,,10015.164684890826
LTIM-DIVISLAB,positive,CLOSE,CLOSE,CLOSE,2024-08-06,122,5372.57568359375,4805.66748046875,,,10.09151381563205,54.98752819093304,10070.15221308176
LTIM-DIVISLAB,positive,OPEN_LONG,LTIM,DIVISLAB,2024-08-08,124,5252.1025390625,4812.58642578125,0.9586781806129094,1.0462307917355504,10.070152213081759,,10060.082060868677
LTIM-DIVISLAB,positive,CLOSE,CLOSE,CLOSE,2024-08-09,125,5286.783203125,4808.05712890625,,,10.098661119152109,27.887624662269513,10087.969685530947
LTIM-DIVISLAB,positive,OPEN_SHORT,DIVISLAB,LTIM,2024-09-04,142,5973.1689453125,5073.49853515625,0.8444403446388014,0.9941827730536897,10.087969685530947,,10077.881715845415
LTIM-DIVISLAB,positive,CLOSE,CLOSE,CLOSE,2024-09-05,143,6050.00732421875,5097.68798828125,,,10.176903850282491,-51.01359342889831,10026.868122416516
LTIM-DIVISLAB,positive,OPEN_SHORT,DIVISLAB,LTIM,2024-09-09,145,6047.3515625,5150.0498046875,0.8290297015799233,0.9734729277074377,10.026868122416516,,10016.841254294099
LTIM-DIVISLAB,positive,CLOSE,CLOSE,CLOSE,2024-09-25,157,6004.01220703125,5369.8486328125,,,10.2049067182071,239.69291493422458,10256.534169228324
LTIM-DIVISLAB,positive,OPEN_LONG,LTIM,DIVISLAB,2024-10-14,169,6344.42529296875,6186.6796875,0.8083107370335966,0.8289207367524896,10.256534169228324,,10246.277635059096
LTIM-DIVISLAB,positive,CLOSE,CLOSE,CLOSE,2024-10-15,170,6356.4775390625,6079.02001953125,,,10.177034797860088,88.80625641627391,10335.08389147537
LTIM-DIVISLAB,positive,OPEN_LONG,LTIM,DIVISLAB,2024-10-16,171,6256.666015625,6095.89306640625,0.8259258098214918,0.8477087589044829,10.335083891475369,,10324.748807583894
LTIM-DIVISLAB,positive,CLOSE,CLOSE,CLOSE,2024-10-17,172,6291.19921875,6049.8525390625,,,10.324576796938237,57.22624525368568,10381.975052837579
LTIM-DIVISLAB,positive,OPEN_LONG,LTIM,DIVISLAB,2024-10-18,173,5894.9521484375,5994.95263671875,0.8805817919649608,0.8658930004924944,10.381975052837578,,10371.59307778474
LTIM-DIVISLAB,positive,CLOSE,CLOSE,CLOSE,2024-10-21,174,5847.13720703125,5898.1435546875,,,10.256043779536402,31.465295949211463,10403.058373733953
LTIM-DIVISLAB,positive,OPEN_LONG,LTIM,DIVISLAB,2024-10-22,175,5781.76025390625,5791.57861328125,0.899644564707217,0.8981194134080867,10.403058373733954,,10392.65531536022
LTIM-DIVISLAB,positive,CLOSE,CLOSE,CLOSE,2024-10-23,176,5839.216796875,5701.63818359375,,,10.373971594370047,122.09374094694131,10514.74905630716
LTIM-DIVISLAB,positive,OPEN_LONG,LTIM,DIVISLAB,2024-10-31,182,5637.5224609375,5862.95361328125,0.9325682628463173,0.8967109199438553,10.51474905630716,,10504.234307250854
LTIM-DIVISLAB,positive,CLOSE,CLOSE,CLOSE,2024-11-01,183,5658.00634765625,5876.79052734375,,,10.546259390898973,-3.851348675421976,10500.382958575432
LTIM-DIVISLAB,positive,OPEN_SHORT,DIVISLAB,LTIM,2024-11-06,186,5913.236328125,5927.1611328125,0.8878710722783634,0.8857851780379126,10.500382958575432,,10489.882575616857
LTIM-DIVISLAB,positive,CLOSE,CLOSE,CLOSE,2025-05-08,308,4541.13330078125,5933.482421875,,,9.287731676569004,1214.5621586451707,11704.444734262028
LTIM-DIVISLAB,positive,OPEN_SHORT,DIVISLAB,LTIM,2025-05-09,309,4562.25830078125,5998.18798828125,1.2827468287205195,0.9756650472717076,11.704444734262028,,11692.740289527766
LTIM-DIVISLAB,positive,CLOSE,CLOSE,CLOSE,2026-02-01,493,6070.5,6056.0,,,13.695542150025375,-1891.9826396204778,9800.75764990729
ZYDUSLIFE-MPHASIS,positive,OPEN_LONG,ZYDUSLIFE,MPHASIS,2024-02-05,0,750.4107666015625,2399.809326171875,6.663017406644961,2.08349886195996,10.0,,9990.0
ZYDUSLIFE-MPHASIS,positive,CLOSE,CLOSE,CLOSE,2026-02-01,493,878.0999755859375,2769.89990234375,,,11.621878716379824,68.09024911102958,10058.09024911103
SUNPHARMA-MPHASIS,positive,OPEN_SHORT,MPHASIS,SUNPHARMA,2024-02-05,0,1437.478393554688,2399.809326171875,3.478313150596777,2.08349886195996,10.0,,9990.0
SUNPHARMA-MPHASIS,positive,CLOSE,CLOSE,CLOSE,2026-02-01,493,1610.099975585938,2769.89990234375,,,11.371515213132325,159.27986020695798,10149.279860206958
DIVISLAB-MPHASIS,positive,OPEN_LONG,DIVISLAB,MPHASIS,2024-04-08,42,3755.742431640625,2355.232421875,1.3312947016486019,2.122932732056865,10.0,,9990.0
DIVISLAB-MPHASIS,positive,CLOSE,CLOSE,CLOSE,2024-04-16,47,3724.279541015625,2214.92822265625,,,9.660257243445878,246.30974013545378,10236.309740135453
DIVISLAB-MPHASIS,positive,OPEN_SHORT,MPHASIS,DIVISLAB,2024-04-23,51,3728.68212890625,2153.0771484375,1.3726444607304342,2.3771349177069667,10.236309740135454,,10226.073430395318
DIVISLAB-MPHASIS,positive,CLOSE,CLOSE,CLOSE,2024-07-26,115,4739.79443359375,2970.4453125,,,13.56720184775614,541.5294973615693,10767.602927756887
DIVISLAB-MPHASIS,positive,OPEN_SHORT,MPHASIS,DIVISLAB,2024-08-02,120,4968.6259765625,2720.93115234375,1.083559416481411,1.9786614075997313,10.767602927756887,,10756.83532482913
DIVISLAB-MPHASIS,positive,CLOSE,CLOSE,CLOSE,2026-02-01,493,6056.0,2769.89990234375,,,12.042729865893268,-1093.3845163954757,9663.450808433654
SBIN-CIPLA,positive,OPEN_SHORT,CIPLA,SBIN,2024-02-05,0,619.8984985351562,1406.816162109375,8.065836603597509,3.554124650162547,10.0,,9990.0
SBIN-CIPLA,positive,CLOSE,CLOSE,CLOSE,2024-10-04,163,780.968505859375,1606.142700195312,,,12.007595723260195,-602.74059409787,9387.25940590213
SBIN-CIPLA,positive,OPEN_LONG,SBIN,CIPLA,2024-10-10,167,781.4096069335938,1601.789184570312,6.006618886309575,2.9302418496539886,9.38725940590213,,9377.872146496227
SBIN-CIPLA,positive,CLOSE,CLOSE,CLOSE,2024-10-29,180,816.3088989257812,1461.93310546875,,,9.187074016389321,610.2518082946323,9988.123954790859
SBIN-CIPLA,positive,OPEN_SHORT,CIPLA,SBIN,2024-11-08,188,826.55322265625,1575.76708984375,6.042033157098195,3.1692894270882577,9.98812395479086,,9978.135830836069
SBIN-CIPLA,positive,CLOSE,CLOSE,CLOSE,2025-01-27,241,734.4525146484375,1381.343994140625,,,8.815465361621754,-68.52299537988193,9909.612835456186
SBIN-CIPLA,positive,OPEN_SHORT,CIPLA,SBIN,2025-01-30,244,747.5887451171875,1442.045532226562,6.627716709340517,3.435956984019583,9.909612835456187,,9899.70322262073
SBIN-CIPLA,positive,CLOSE,CLOSE,CLOSE,2025-03-26,282,748.961181640625,1460.597290039062,,,9.98245199775678,44.66446934504653,9944.367691965777
SBIN-CIPLA,positive,OPEN_LONG,SBIN,CIPLA,2025-03-27,283,757.0977783203125,1467.2265625,6.567426280148533,3.3888316726701087,9.944367691965777,,9934.423324273812
SBIN-CIPLA,positive,CLOSE,CLOSE,CLOSE,2025-04-08,290,753.4706420898438,1417.408813476562,,,9.75172277641236,135.2512931736852,10069.674617447497
SBIN-CIPLA,positive,OPEN_SHORT,CIPLA,SBIN,2025-04-11,292,739.0109252929688,1447.58642578125,6.81294029141419,3.478090992740893,10.069674617447498,,10059.60494283005
SBIN-CIPLA,positive,CLOSE,CLOSE,CLOSE,2025-05-19,315,795.0,1475.834594726562,,,10.549374542368144,-293.74989552278765,9765.855047307263
SBIN-CIPLA,positive,OPEN_LONG,SBIN,CIPLA,2025-05-20,316,785.6500244140625,1439.02783203125,6.215143348713465,3.3932127058037285,9.765855047307262,,9756.089192259955
SBIN-CIPLA,positive,CLOSE,CLOSE,CLOSE,2025-05-29,323,797.3499755859375,1461.2900390625,,,9.914112324771084,-12.737642376290468,9743.351549883664
SBIN-CIPLA,positive,OPEN_LONG,SBIN,CIPLA,2025-05-30,324,812.2999877929688,1450.208251953125,5.997385015575647,3.3592939278760214,9.743351549883664,,9733.60819833378
SBIN-CIPLA,positive,CLOSE,CLOSE,CLOSE,2025-06-02,325,813.6500244140625,1454.660766601562,,,9.766405544707762,-16.62702156515533,9716.981176768626
SBIN-CIPLA,positive,OPEN_SHORT,CIPLA,SBIN,2025-06-05,328,806.0,1474.0537109375,6.027903955811802,3.296006483572642,9.716981176768627,,9707.264195591857
SBIN-CIPLA,positive,CLOSE,CLOSE,CLOSE,2025-07-08,351,812.6500244140625,1488.300048828125,,,9.804022907295064,-2.9337093244008727,9704.330486267456
SBIN-CIPLA,positive,OPEN_LONG,SBIN,CIPLA,2025-07-10,353,808.0,1477.800048828125,6.005155003878376,3.283370606856745,9.704330486267455,,9694.626155781189
SBIN-CIPLA,positive,CLOSE,CLOSE,CLOSE,2025-07-15,356,816.4500122070312,1490.900024414062,,,9.798086194144751,-2.0665278956643434,9692.559627885525
SBIN-CIPLA,positive,OPEN_SHORT,CIPLA,SBIN,2025-07-24,363,815.7000122070312,1487.900024414062,5.941252594603048,3.257127316636235,9.692559627885524,,9682.86706825764
SBIN-CIPLA,positive,CLOSE,CLOSE,CLOSE,2025-10-28,427,930.25,1568.099975585938,,,10.634351491827058,-429.9833119237408,9252.883756333898
SBIN-CIPLA,positive,OPEN_LONG,SBIN,CIPLA,2025-10-29,428,939.75,1581.099975585938,4.923056002305878,2.926090664477078,9.2528837563339,,9243.630872577565
SBIN-CIPLA,positive,CLOSE,CLOSE,CLOSE,2025-10-30,429,934.3499755859376,1540.099975585938,,,9.106329416486089,84.278765222826,9327.90963780039
SBIN-CIPLA,positive,OPEN_LONG,SBIN,CIPLA,2025-10-31,430,937.0,1501.300048828125,4.977539828068512,3.1066107155200284,9.32790963780039,,9318.58172816259
SBIN-CIPLA,positive,CLOSE,CLOSE,CLOSE,2025-11-03,431,949.7000122070312,1511.5,,,9.422811731986172,22.10472723714021,9340.68645539973
SBIN-CIPLA,positive,OPEN_SHORT,CIPLA,SBIN,2025-11-10,435,951.1500244140624,1511.5,4.910206705379563,3.0898731245119846,9.34068645539973,,9331.34576894433
SBIN-CIPLA,positive,CLOSE,CLOSE,CLOSE,2025-12-17,462,975.8499755859376,1496.900024414062,,,9.416856249084898,-175.81079429729525,9155.534974647035
SBIN-CIPLA,positive,OPEN_SHORT,CIPLA,SBIN,2025-12-19,464,980.2999877929688,1517.099975585938,4.669761852828161,3.017446154499792,9.155534974647034,,9146.379439672388
SBIN-CIPLA,positive,CLOSE,CLOSE,CLOSE,2026-01-02,473,998.9500122070312,1511.599975585938,,,9.226030193360389,-112.91315660621218,9033.466283066176
SBIN-CIPLA,positive,OPEN_LONG,SBIN,CIPLA,2026-01-05,474,1005.549987792969,1519.800048828125,4.491803685907886,2.971925908948229,9.033466283066177,,9024.43281678311
SBIN-CIPLA,positive,CLOSE,CLOSE,CLOSE,2026-01-06,475,1018.900024414062,1530.800048828125,,,9.126123211766236,18.148435491434356,9042.581252274544
SBIN-CIPLA,positive,OPEN_LONG,SBIN,CIPLA,2026-01-07,476,1007.150024414062,1467.900024414062,4.489192788102905,3.080108012084831,9.042581252274545,,9033.538671022268
SBIN-CIPLA,positive,CLOSE,CLOSE,CLOSE,2026-01-08,477,998.0,1460.599975585938,,,8.979020089779855,-27.5703048162372,9005.96836620603
TECHM-DIVISLAB,positive,OPEN_LONG,TECHM,DIVISLAB,2024-02-05,0,1260.391967773438,3660.265625,3.9670198857525376,1.3660210794127816,10.0,,9990.0
TECHM-DIVISLAB,positive,CLOSE,CLOSE,CLOSE,2026-02-01,493,1717.300048828125,6056.0,,,15.085187100428783,-1475.1454005192588,8514.854599480741
HCLTECH-DIVISLAB,positive,OPEN_LONG,HCLTECH,DIVISLAB,2024-02-05,0,1447.240234375,3660.265625,3.454851434640554,1.3660210794127816,10.0,,9990.0
HCLTECH-DIVISLAB,positive,CLOSE,CLOSE,CLOSE,2024-07-24,113,1504.853149414062,4503.3291015625,,,11.350686542443928,-963.9491046333145,9026.050895366685
HCLTECH-DIVISLAB,positive,OPEN_LONG,HCLTECH,DIVISLAB,2024-07-25,114,1508.55908203125,4498.77783203125,2.991613322566477,1.0031669969454036,9.026050895366685,,9017.024844471318
HCLTECH-DIVISLAB,positive,CLOSE,CLOSE,CLOSE,2025-01-14,232,1734.550048828125,5963.1474609375,,,11.171135765463832,-804.100831764192,8212.924012707126
HCLTECH-DIVISLAB,positive,OPEN_SHORT,DIVISLAB,HCLTECH,2025-01-16,234,1714.177856445312,5889.23388671875,2.3955868936897406,0.6972828869327726,8.212924012707127,,8204.71108869442
HCLTECH-DIVISLAB,positive,CLOSE,CLOSE,CLOSE,2025-02-10,252,1675.145751953125,5911.880859375,,,8.135210561226552,101.16093386742274,8305.872022561842
HCLTECH-DIVISLAB,positive,OPEN_LONG,HCLTECH,DIVISLAB,2025-02-11,253,1664.856323242188,5919.794921875,2.494471116398427,0.7015337635996257,8.305872022561841,,8297.56615053928
HCLTECH-DIVISLAB,positive,CLOSE,CLOSE,CLOSE,2026-02-01,493,1666.199951171875,6056.0,,,8.404776124702044,-100.6055961413238,8196.960554397956
INFY-DIVISLAB,positive,OPEN_LONG,INFY,DIVISLAB,2024-02-05,0,1588.473266601562,3660.265625,3.1476765175262806,1.3660210794127816,10.0,,9990.0
INFY-DIVISLAB,positive,CLOSE,CLOSE,CLOSE,2024-05-28,74,1381.205444335938,4345.5205078125,,,10.283660557708096,-1598.7683322344342,8391.231667765565
INFY-DIVISLAB,positive,OPEN_SHORT,DIVISLAB,INFY,2024-05-29,75,1366.047485351562,4400.82763671875,3.071354311525277,0.9533697250208661,8.391231667765565,,8382.8404360978
INFY-DIVISLAB,positive,CLOSE,CLOSE,CLOSE,2024-06-05,80,1373.356323242188,4454.94775390625,,,8.465276179774323,20.68317429375641,8403.523610391556
INFY-DIVISLAB,positive,OPEN_LONG,INFY,DIVISLAB,2024-06-06,81,1413.833984375,4401.7177734375,2.9718919276460953,0.9545731965260537,8.403523610391556,,8395.120086781164
INFY-DIVISLAB,positive,CLOSE,CLOSE,CLOSE,2024-07-12,106,1643.831176757812,4491.1591796875,,,9.17242877888115,588.9760015790162,8984.09608836018
INFY-DIVISLAB,positive,OPEN_SHORT,DIVISLAB,INFY,2024-07-19,110,1721.809204101562,4471.86572265625,2.6089116224256887,1.0045131769993871,8.98409608836018,,8975.11199227182
INFY-DIVISLAB,positive,CLOSE,CLOSE,CLOSE,2024-08-07,123,1720.560913085938,4924.07861328125,,,9.435093214863144,448.0753951657632,9423.187387437583
INFY-DIVISLAB,positive,OPEN_LONG,INFY,DIVISLAB,2024-08-14,128,1750.907104492188,4640.8681640625,2.690944414829641,1.0152397196291782,9.423187387437583,,9413.764200050146
INFY-DIVISLAB,positive,CLOSE,CLOSE,CLOSE,2024-09-10,146,1836.423706054688,5401.853515625,,,10.42589036374963,-552.8880239761527,8860.876176073993
INFY-DIVISLAB,positive,OPEN_SHORT,DIVISLAB,INFY,2024-09-11,147,1834.359008789062,5414.64501953125,2.415251358544975,0.8182324182020971,8.860876176073992,,8852.01529989792
INFY-DIVISLAB,positive,CLOSE,CLOSE,CLOSE,2024-09-17,151,1875.076782226562,5427.48681640625,,,8.969727408196933,-96.80581050895391,8755.209489388966
INFY-DIVISLAB,positive,OPEN_LONG,INFY,DIVISLAB,2024-09-26,158,1824.851684570312,5354.9169921875,2.3988824854690884,0.8174925495728773,8.755209489388966,,8746.454279899577
INFY-DIVISLAB,positive,CLOSE,CLOSE,CLOSE,2024-10-09,166,1875.268676757812,5962.60009765625,,,9.372930340139604,-385.20490203352614,8361.249377866052
INFY-DIVISLAB,positive,OPEN_LONG,INFY,DIVISLAB,2024-10-22,175,1778.132080078125,5791.57861328125,2.3511328184064615,0.7218454532147791,8.361249377866052,,8352.888128488186
INFY-DIVISLAB,positive,CLOSE,CLOSE,CLOSE,2024-12-31,222,1825.961791992188,6071.1552734375,,,8.675514524200896,-98.03265010688351,8254.855478381303
INFY-DIVISLAB,positive,OPEN_LONG,INFY,DIVISLAB,2025-01-03,225,1883.023193359375,6020.88427734375,2.191915507863281,0.685518530014259,8.254855478381304,,8246.600622902923
INFY-DIVISLAB,positive,CLOSE,CLOSE,CLOSE,2025-03-12,273,1545.123046875,5641.4619140625,,,7.2541058464618295,-487.801616303739,7758.7990065991835
INFY-DIVISLAB,positive,OPEN_SHORT,DIVISLAB,INFY,2025-03-13,274,1534.439208984375,5594.97412109375,2.5282197434640077,0.6933721978576759,7.758799006599184,,7751.040207592584
INFY-DIVISLAB,positive,CLOSE,CLOSE,CLOSE,2025-03-21,279,1546.774291992188,5771.072265625,,,7.912086364509095,83.00367075016227,7834.043878342746
INFY-DIVISLAB,positive,OPEN_LONG,INFY,DIVISLAB,2025-03-25,281,1581.642211914062,5814.17578125,2.4765537424744726,0.6737020149619979,7.834043878342746,,7826.209834464404
INFY-DIVISLAB,positive,CLOSE,CLOSE,CLOSE,2025-05-26,320,1535.070556640625,6706.462890625,,,8.31984229469264,-724.7926729659082,7101.417161498495
INFY-DIVISLAB,positive,OPEN_LONG,INFY,DIVISLAB,2025-05-28,322,1526.620727539062,6605.92041015625,2.3258616345875565,0.5375039904038539,7.101417161498495,,7094.315744336996
INFY-DIVISLAB,positive,CLOSE,CLOSE,CLOSE,2025-05-29,323,1540.024047851562,6601.44091796875,,,7.130183685063663,26.451829731632323,7120.767574068629
INFY-DIVISLAB,positive,OPEN_LONG,INFY,DIVISLAB,2025-05-30,324,1539.137573242188,6582.029296875,2.3132329747069837,0.5409249376517824,7.120767574068629,,7113.64680649456
INFY-DIVISLAB,positive,CLOSE,CLOSE,CLOSE,2025-10-07,413,1436.508666992188,6104.5,,,6.6250554988340085,14.277879544563199,7127.924686039123
INFY-DIVISLAB,positive,OPEN_LONG,INFY,DIVISLAB,2025-10-08,414,1472.458374023438,6120.5,2.4204163634732616,0.5822992146098459,7.127924686039123,,7120.796761353084
INFY-DIVISLAB,positive,CLOSE,CLOSE,CLOSE,2025-10-10,416,1492.058349609375,6474.5,,,7.381498709642887,-166.0753190496499,6954.721442303434
INFY-DIVISLAB,positive,OPEN_LONG,INFY,DIVISLAB,2025-10-20,422,1438.87255859375,6604.0,2.4167259986876375,0.5265537130756688,6.954721442303434,,6947.76672086113
INFY-DIVISLAB,positive,CLOSE,CLOSE,CLOSE,2025-10-31,430,1482.300048828125,6738.0,,,7.130231984562741,27.263915170465182,6975.030636031595
INFY-DIVISLAB,positive,OPEN_LONG,INFY,DIVISLAB,2025-11-03,431,1485.5,6804.0,2.3477046906871744,0.5125683888912107,6.975030636031596,,6968.055605395563
INFY-DIVISLAB,positive,CLOSE,CLOSE,CLOSE,2026-02-01,493,1654.5,6056.0,,,6.988391573867102,773.174856042891,7741.230461438454
HCLTECH-MPHASIS,positive,OPEN_SHORT,MPHASIS,HCLTECH,2024-02-07,2,1503.06982421875,2486.468017578125,3.3265254344380493,2.010884501490637,10.0,,9990.0
HCLTECH-MPHASIS,positive,CLOSE,CLOSE,CLOSE,2024-02-14,7,1555.317138671875,2456.622314453125,,,10.113785758559251,-243.93206801811544,9746.067931981885
HCLTECH-MPHASIS,positive,OPEN_SHORT,MPHASIS,HCLTECH,2024-02-15,8,1546.9892578125,2599.373779296875,3.1500115087299263,1.8746953611685224,9.746067931981885,,9736.321864049904
HCLTECH-MPHASIS,positive,CLOSE,CLOSE,CLOSE,2024-04-22,50,1364.008056640625,2147.079345703125,,,8.321760765868705,-279.843147733784,9456.47871631612
HCLTECH-MPHASIS,positive,OPEN_SHORT,MPHASIS,HCLTECH,2024-04-26,54,1371.4052734375,2205.427490234375,3.4477331024887174,2.143910592887178,9.45647871631612,,9447.022237599804
HCLTECH-MPHASIS,positive,CLOSE,CLOSE,CLOSE,2024-06-10,83,1337.85791015625,2298.0361328125,,,9.539361011246285,304.6676436908786,9751.689881290682
HCLTECH-MPHASIS,positive,OPEN_LONG,HCLTECH,MPHASIS,2024-06-11,84,1347.334716796875,2295.444580078125,3.618881692766792,2.124139690830346,9.751689881290682,,9741.938191409392
HCLTECH-MPHASIS,positive,CLOSE,CLOSE,CLOSE,2024-06-13,86,1361.8095703125,2357.43994140625,,,9.9357594713283,-89.23978472259098,9652.6984066868
HCLTECH-MPHASIS,positive,OPEN_SHORT,MPHASIS,HCLTECH,2024-06-18,88,1355.255737304688,2319.86865234375,3.5612092024358226,2.080440717394654,9.6526984066868,,9643.045708280113
HCLTECH-MPHASIS,positive,CLOSE,CLOSE,CLOSE,2024-08-06,122,1503.950561523438,2587.35009765625,,,10.738711073024886,16.207202540282083,9659.252910820394
HCLTECH-MPHASIS,positive,OPEN_SHORT,MPHASIS,HCLTECH,2024-08-07,123,1515.210327148438,2672.5966796875,3.187429737559505,1.8070913924711278,9.659252910820394,,9649.593657909574
HCLTECH-MPHASIS,positive,CLOSE,CLOSE,CLOSE,2024-09-25,157,1693.660522460938,2959.36669921875,,,10.746270003946458,-61.32409530261163,9588.269562606962
HCLTECH-MPHASIS,positive,OPEN_SHORT,MPHASIS,HCLTECH,2024-09-26,158,1695.038452148438,2993.876953125,2.8283339385174306,1.6013132324290673,9.588269562606962,,9578.681293044354
HCLTECH-MPHASIS,positive,CLOSE,CLOSE,CLOSE,2024-09-30,160,1706.678588867188,2951.42529296875,,,9.5532133511908,-110.45381222859929,9468.227480815754
HCLTECH-MPHASIS,positive,OPEN_LONG,HCLTECH,MPHASIS,2024-10-01,161,1726.062866210938,2956.5234375,2.7427238214099514,1.601243433541317,9.468227480815754,,9458.759253334938
HCLTECH-MPHASIS,positive,CLOSE,CLOSE,CLOSE,2024-10-07,164,1688.48193359375,2818.138671875,,,9.143565664436606,109.37001247478518,9568.129265809723
HCLTECH-MPHASIS,positive,OPEN_SHORT,MPHASIS,HCLTECH,2024-10-14,169,1763.501342773438,2904.561767578125,2.7128216559115397,1.6470865540910493,9.568129265809723,,9558.561136543913
HCLTECH-MPHASIS,positive,CLOSE,CLOSE,CLOSE,2024-11-06,186,1758.317626953125,2839.658447265625,,,9.447165383071704,-102.28605505021869,9456.275081493694
HCLTECH-MPHASIS,positive,OPEN_LONG,HCLTECH,MPHASIS,2024-11-07,187,1752.1484375,2783.530029296875,2.698480014337739,1.6986120110014344,9.456275081493693,,9446.8188064122
HCLTECH-MPHASIS,positive,CLOSE,CLOSE,CLOSE,2024-11-08,188,1757.456665039062,2802.35400390625,,,9.502573856785679,-27.153057297339963,9419.66574911486
HCLTECH-MPHASIS,positive,OPEN_SHORT,MPHASIS,HCLTECH,2024-11-19,194,1741.2451171875,2734.607666015625,2.70486494294661,1.7223066157127196,9.41966574911486,,9410.246083365744
HCLTECH-MPHASIS,positive,CLOSE,CLOSE,CLOSE,2024-12-20,216,1828.089721679688,2892.796875,,,9.927018996457996,27.620375996710187,9437.866459362454
HCLTECH-MPHASIS,positive,OPEN_LONG,HCLTECH,MPHASIS,2024-12-24,218,1814.31689453125,2873.237548828125,2.600942119816626,1.642374899216351,9.437866459362455,,9428.428592903092
HCLTECH-MPHASIS,positive,CLOSE,CLOSE,CLOSE,2024-12-26,219,1817.951416015625,2851.472412109375,,,9.411573125151655,35.78812111382486,9464.216714016917
HCLTECH-MPHASIS,positive,OPEN_SHORT,MPHASIS,HCLTECH,2025-01-06,226,1867.973266601562,2840.884033203125,2.533284839572501,1.6657168338099881,9.464216714016917,,9454.7524973029
HCLTECH-MPHASIS,positive,CLOSE,CLOSE,CLOSE,2025-05-06,306,1543.236450195312,2311.511962890625,,,7.7597818912955505,-66.89289690667974,9387.85960039622
HCLTECH-MPHASIS,positive,OPEN_SHORT,MPHASIS,HCLTECH,2025-05-07,307,1527.795288085938,2355.14013671875,3.072355201513148,1.99305753700832,9.387859600396219,,9378.471740795823
HCLTECH-MPHASIS,positive,CLOSE,CLOSE,CLOSE,2025-05-08,308,1544.800048828125,2328.374755859375,,,9.38675932146029,-114.9763684908808,9263.495372304942
HCLTECH-MPHASIS,positive,OPEN_SHORT,MPHASIS,HCLTECH,2025-05-12,310,1632.365234375,2482.789306640625,2.8374456822623246,1.8655419828674573,9.263495372304943,,9254.231876932638
HCLTECH-MPHASIS,positive,CLOSE,CLOSE,CLOSE,2025-09-19,402,1445.306884765625,2993.800048828125,,,9.686039459121744,1474.3938602181556,10728.625737150793
HCLTECH-MPHASIS,positive,OPEN_SHORT,MPHASIS,HCLTECH,2025-09-22,403,1418.221069335938,2852.39990234375,3.782423618263661,1.88063141643206,10.728625737150793,,10717.897111413642
HCLTECH-MPHASIS,positive,CLOSE,CLOSE,CLOSE,2025-09-23,404,1408.273193359375,2766.60009765625,,,10.529640847886435,-134.26036802162426,10583.636743392019
HCLTECH-MPHASIS,positive,OPEN_LONG,HCLTECH,MPHASIS,2025-09-24,405,1420.584838867188,2740.89990234375,3.7250984431988208,1.9306864753327777,10.583636743392018,,10573.053106648627
HCLTECH-MPHASIS,positive,CLOSE,CLOSE,CLOSE,2025-09-29,408,1366.511474609375,2678.10009765625,,,10.26096140481302,-90.44283285641859,10482.610273792208
HCLTECH-MPHASIS,positive,OPEN_SHORT,MPHASIS,HCLTECH,2025-10-03,411,1372.51953125,2736.89990234375,3.8187472145643495,1.9150518191796864,10.482610273792208,,10472.127663518417
HCLTECH-MPHASIS,positive,CLOSE,CLOSE,CLOSE,2025-10-09,415,1464.119384765625,2807.199951171875,,,10.967035195656226,-226.13548426623007,10245.992179252187
HCLTECH-MPHASIS,positive,OPEN_LONG,HCLTECH,MPHASIS,2025-10-10,416,1472.98388671875,2783.199951171875,3.4779715758046668,1.8406856063176633,10.245992179252188,,10235.746187072935
HCLTECH-MPHASIS,positive,CLOSE,CLOSE,CLOSE,2025-10-15,419,1473.180786132812,2781.89990234375,,,10.244284008652148,-7.166492277811928,10228.579694795122
HCLTECH-MPHASIS,positive,OPEN_LONG,HCLTECH,MPHASIS,2025-10-17,421,1475.511108398438,2693.699951171875,3.4661140931353325,1.898611552920965,10.228579694795123,,10218.351115100328
HCLTECH-MPHASIS,positive,CLOSE,CLOSE,CLOSE,2025-10-20,422,1484.64501953125,2747.5,,,10.3623842671508,-80.84860041705541,10137.502514683272
HCLTECH-MPHASIS,positive,OPEN_SHORT,MPHASIS,HCLTECH,2025-10-27,426,1522.470947265625,2888.699951171875,3.329292599274338,1.7546825018241745,10.137502514683272,,10127.36501216859
HCLTECH-MPHASIS,positive,CLOSE,CLOSE,CLOSE,2025-10-31,430,1530.413452148438,2764.39990234375,,,9.945838316754722,-254.49588169740562,9872.869130471185
HCLTECH-MPHASIS,positive,OPEN_LONG,HCLTECH,MPHASIS,2025-11-11,436,1558.70849609375,2777.5,3.167003052595593,1.7772941729021035,9.872869130471186,,9862.996261340713
HCLTECH-MPHASIS,positive,CLOSE,CLOSE,CLOSE,2025-11-12,437,1582.535888671875,2825.800048828125,,,10.034173950834615,-20.416144253632794,9842.58011708708
HCLTECH-MPHASIS,positive,OPEN_LONG,HCLTECH,MPHASIS,2025-11-14,439,1583.131469726562,2772.10009765625,3.1085795163894656,1.7752930576729113,9.84258011708708,,9832.737536969993
HCLTECH-MPHASIS,positive,CLOSE,CLOSE,CLOSE,2025-11-18,441,1583.727172851562,2658.5,,,9.642758442899197,193.88249680943036,10026.620033779423
HCLTECH-MPHASIS,positive,OPEN_SHORT,MPHASIS,HCLTECH,2025-11-24,445,1598.81787109375,2765.300048828125,3.135635463881893,1.8129352794877522,10.026620033779423,,10016.593413745644
HCLTECH-MPHASIS,positive,CLOSE,CLOSE,CLOSE,2025-12-26,468,1648.954711914062,2850.60009765625,,,10.338474357765131,-12.90586261840121,10003.687551127243
HCLTECH-MPHASIS,positive,OPEN_SHORT,MPHASIS,HCLTECH,2025-12-29,469,1619.071166992188,2812.300048828125,3.0893291644836975,1.7785597869074714,10.003687551127243,,9993.683863576116
HCLTECH-MPHASIS,positive,CLOSE,CLOSE,CLOSE,2026-01-02,473,1628.403564453125,2807.199951171875,,,10.023447570177163,-47.92512382151087,9945.758739754605
HCLTECH-MPHASIS,positive,OPEN_SHORT,MPHASIS,HCLTECH,2026-01-05,474,1596.037963867188,2801.89990234375,3.115765089840378,1.7748240633855472,9.945758739754606,,9935.812981014851
HCLTECH-MPHASIS,positive,CLOSE,CLOSE,CLOSE,2026-01-08,477,1634.856811523438,2817.199951171875,,,10.093864044940911,-103.88937956898654,9831.923601445864
HCLTECH-MPHASIS,positive,OPEN_LONG,HCLTECH,MPHASIS,2026-01-12,479,1655.6064453125,2832.199951171875,2.9692816276727116,1.7357396672113006,9.831923601445864,,9822.091677844417
HCLTECH-MPHASIS,positive,CLOSE,CLOSE,CLOSE,2026-01-15,482,1656.5,2788.800048828125,,,9.759245884911635,68.22490168314651,9890.316579527564
HCLTECH-MPHASIS,positive,OPEN_LONG,HCLTECH,MPHASIS,2026-01-23,488,1707.0,2752.800048828125,2.8969878674656013,1.7964102739205305,9.890316579527564,,9880.426262948036
HCLTECH-MPHASIS,positive,CLOSE,CLOSE,CLOSE,2026-01-27,489,1720.199951171875,2806.10009765625,,,10.024305433238933,-67.5329623524884,9812.893300595548
PERSISTENT-AXISBANK,positive,OPEN_SHORT,AXISBANK,PERSISTENT,2024-02-05,0,4226.78369140625,1059.775756835938,1.1829325475457442,4.717979221309967,10.0,,9990.0
PERSISTENT-AXISBANK,positive,CLOSE,CLOSE,CLOSE,2026-02-01,493,6068.0,1340.400024414062,,,13.502014161936494,-867.5572492405944,9122.442750759406
MPHASIS-DIVISLAB,positive,OPEN_SHORT,DIVISLAB,MPHASIS,2024-02-05,0,2399.809326171875,3660.265625,2.08349886195996,1.3660210794127816,10.0,,9990.0
MPHASIS-DIVISLAB,positive,CLOSE,CLOSE,CLOSE,2024-06-27,95,2343.62060546875,4474.3896484375,,,10.995041441632024,1218.1846714702854,11208.184671470286
MPHASIS-DIVISLAB,positive,OPEN_SHORT,DIVISLAB,MPHASIS,2024-06-28,96,2357.488037109375,4547.70361328125,2.377145609021448,1.2322905827391177,11.208184671470287,,11196.976486798816
MPHASIS-DIVISLAB,positive,CLOSE,CLOSE,CLOSE,2024-07-02,98,2405.087646484375,4522.96875,,,11.290855334800382,-154.92259683854172,11042.053889960274
MPHASIS-DIVISLAB,positive,OPEN_SHORT,DIVISLAB,MPHASIS,2024-07-12,106,2637.98828125,4491.1591796875,2.0928929003293453,1.2293100119787552,11.042053889960275,,11031.011836070315
MPHASIS-DIVISLAB,positive,CLOSE,CLOSE,CLOSE,2025-02-28,265,2203.2255859375,5455.4091796875,,,11.317504310663208,2083.956433087433,13114.968269157747
MPHASIS-DIVISLAB,positive,OPEN_LONG,MPHASIS,DIVISLAB,2025-03-12,273,2181.460693359375,5641.4619140625,3.0060060924043386,1.1623731994419746,13.114968269157748,,13101.85330088859
MPHASIS-DIVISLAB,positive,CLOSE,CLOSE,CLOSE,2026-02-01,493,2769.89990234375,6056.0,,,15.365668077616094,1271.6382178972808,14373.491518785871
BIOCON-MPHASIS,positive,OPEN_LONG,BIOCON,MPHASIS,2024-02-05,0,283.8765258789062,2399.809326171875,17.61329149889928,2.08349886195996,10.0,,9990.0
BIOCON-MPHASIS,positive,CLOSE,CLOSE,CLOSE,2026-02-01,493,368.2000122070312,2769.89990234375,,,12.25629743917692,701.8745531853294,10691.87455318533
MPHASIS-AXISBANK,positive,OPEN_SHORT,AXISBANK,MPHASIS,2024-02-05,0,2399.809326171875,1059.775756835938,2.08349886195996,4.717979221309967,10.0,,9990.0
MPHASIS-AXISBANK,positive,CLOSE,CLOSE,CLOSE,2026-02-01,493,2769.89990234375,1340.400024414062,,,12.095062757705124,540.8011063950053,10530.801106395005
INFY-AXISBANK,positive,OPEN_SHORT,AXISBANK,INFY,2024-02-14,7,1568.702026367188,1095.068237304688,3.1873484676876704,4.5659255100911285,10.0,,9990.0
INFY-AXISBANK,positive,CLOSE,CLOSE,CLOSE,2024-03-14,27,1556.556884765625,1056.530883789062,,,9.785330516018014,-147.0332175508229,9842.966782449177
INFY-AXISBANK,positive,OPEN_LONG,INFY,AXISBANK,2024-04-16,47,1331.683227539062,1050.191284179688,3.6956862483876463,4.686273315502514,9.842966782449178,,9833.123815666728
INFY-AXISBANK,positive,CLOSE,CLOSE,CLOSE,2024-04-18,48,1336.202270507812,1022.336608886719,,,9.729133125867232,137.5064533670427,9970.63026903377
INFY-AXISBANK,positive,OPEN_LONG,INFY,AXISBANK,2024-04-26,54,1346.55859375,1128.463989257812,3.7022637987355576,4.417788411481092,9.970630269033771,,9960.659638764737
INFY-AXISBANK,positive,CLOSE,CLOSE,CLOSE,2024-05-03,58,1333.425048828125,1139.645751953125,,,9.971405082775732,-107.99391465138591,9852.66572411335
INFY-AXISBANK,positive,OPEN_LONG,INFY,AXISBANK,2024-05-06,59,1342.46337890625,1141.792236328125,3.6696217859367786,4.314561533453062,9.85266572411335,,9842.813058389238
INFY-AXISBANK,positive,CLOSE,CLOSE,CLOSE,2024-05-07,60,1356.632690429688,1125.8681640625,,,9.835956348718291,110.86544756260705,9953.678505951844
INFY-AXISBANK,positive,OPEN_SHORT,AXISBANK,INFY,2024-07-23,112,1764.015502929688,1262.171264648438,2.821312649866374,3.9430776094891993,9.953678505951844,,9943.724827445893
INFY-AXISBANK,positive,CLOSE,CLOSE,CLOSE,2024-09-19,153,1819.041748046875,1241.638793945312,,,10.027963621878623,-246.23533054263496,9697.489496903258
INFY-AXISBANK,positive,OPEN_SHORT,AXISBANK,INFY,2024-10-21,174,1779.236572265625,1189.28369140625,2.7251827126492723,4.0770295460104276,9.697489496903257,,9687.792007406355
INFY-AXISBANK,positive,CLOSE,CLOSE,CLOSE,2025-03-12,273,1545.123046875,1010.336547851562,,,8.329914573264718,-99.90057382798926,9587.891433578367
INFY-AXISBANK,positive,OPEN_LONG,INFY,AXISBANK,2025-03-24,280,1546.968505859375,1096.912475585938,3.098929098188745,4.370399483539833,9.587891433578367,,9578.303542144788
INFY-AXISBANK,positive,CLOSE,CLOSE,CLOSE,2025-06-23,340,1560.116455078125,1213.063232421875,,,10.1362612036824,-477.01690647673007,9101.286635668057
INFY-AXISBANK,positive,OPEN_LONG,INFY,AXISBANK,2025-07-01,346,1582.57275390625,1172.298217773438,2.8754717952787425,3.8818137303638722,9.101286635668057,,9092.185349032388
INFY-AXISBANK,positive,CLOSE,CLOSE,CLOSE,2025-07-08,351,1613.991577148438,1165.400024414062,,,9.164853074044686,107.95658869684529,9200.141937729233
INFY-AXISBANK,positive,OPEN_LONG,INFY,AXISBANK,2025-09-26,407,1427.053466796875,1154.0,3.2234748563344366,3.9861966801253175,9.200141937729233,,9190.941795791505
INFY-AXISBANK,positive,CLOSE,CLOSE,CLOSE,2025-09-29,408,1420.060546875,1132.199951171875,,,9.090701153923467,55.26707957079399,9246.2088753623
INFY-AXISBANK,positive,OPEN_LONG,INFY,AXISBANK,2025-10-03,411,1424.7880859375,1181.0,3.244766350386192,3.914567686436198,9.2462088753623,,9236.962666486937
INFY-AXISBANK,positive,CLOSE,CLOSE,CLOSE,2025-10-06,412,1453.744873046875,1212.800048828125,,,9.464650327359767,-39.99008546923453,9196.972581017702
INFY-AXISBANK,positive,OPEN_LONG,INFY,AXISBANK,2025-10-17,421,1419.37109375,1200.199951171875,3.2398055101711143,3.831433492410069,9.196972581017702,,9187.775608436685
INFY-AXISBANK,positive,CLOSE,CLOSE,CLOSE,2025-10-20,422,1438.87255859375,1226.0,,,9.359004705460785,-45.02922263416454,9142.74638580252
INFY-AXISBANK,positive,OPEN_LONG,INFY,AXISBANK,2025-10-21,423,1450.19921875,1237.300048828125,3.152238074463699,3.694635910853565,9.142746385802521,,9133.603639416719
INFY-AXISBANK,positive,CLOSE,CLOSE,CLOSE,2025-10-23,424,1505.453247070312,1258.800048828125,,,9.396354909724657,85.34282484570682,9218.946464262426
INFY-AXISBANK,positive,OPEN_LONG,INFY,AXISBANK,2025-11-10,435,1513.5,1217.0,3.045572006693897,3.7875704454652532,9.218946464262427,,9209.727517798165
INFY-AXISBANK,positive,CLOSE,CLOSE,CLOSE,2025-11-14,439,1502.800048828125,1241.599975585938,,,9.279533132988837,-135.04114538350825,9074.686372414657
INFY-AXISBANK,positive,OPEN_LONG,INFY,AXISBANK,2025-12-02,451,1561.0,1258.0,2.9066900616318567,3.6067910860153645,9.074686372414657,,9065.611686042243
INFY-AXISBANK,positive,CLOSE,CLOSE,CLOSE,2025-12-03,452,1578.699951171875,1270.699951171875,,,9.171940715256865,-3.5297392321477954,9062.081946810094
INFY-AXISBANK,positive,OPEN_LONG,INFY,AXISBANK,2025-12-09,456,1599.0,1275.900024414062,2.8336716531613804,3.551250792934078,9.062081946810094,,9053.019864863285
INFY-AXISBANK,positive,CLOSE,CLOSE,CLOSE,2025-12-10,457,1584.800048828125,1278.599975585938,,,9.031432151438084,-58.857635003463606,8994.162229859821
INFY-AXISBANK,positive,OPEN_LONG,INFY,AXISBANK,2025-12-11,458,1598.0,1272.699951171875,2.814193438629481,3.5334967293658606,8.994162229859821,,8985.168067629962
INFY-AXISBANK,positive,CLOSE,CLOSE,CLOSE,2025-12-31,471,1615.400024414062,1269.400024414062,,,9.031468983991989,51.59584595993317,9036.763913589895
INFY-AXISBANK,positive,OPEN_LONG,INFY,AXISBANK,2026-01-23,488,1670.800048828125,1258.0,2.7043223753578864,3.5917185666096563,9.036763913589896,,9027.727149676306
INFY-AXISBANK,positive,CLOSE,CLOSE,CLOSE,2026-01-27,489,1682.699951171875,1315.800048828125,,,9.276546594289593,-184.69688294843397,8843.030266727872
COFORGE-ICICIPRULI,negative,OPEN_LONG,COFORGE+ICICIPRULI,—,2024-02-12,5,1305.097412109375,503.2609558105469,3.831131648570743,9.935203480959599,10.0,,9990.0
COFORGE-ICICIPRULI,negative,CLOSE,CLOSE,CLOSE,2024-02-14,7,1267.106689453125,507.6006774902344,,,9.897568558017994,-112.32901054002384,9877.670989459975
COFORGE-ICICIPRULI,negative,OPEN_LONG,COFORGE+ICICIPRULI,—,2024-02-15,8,1300.90771484375,503.909423828125,3.796453382800627,9.801038165173393,9.877670989459975,,9867.793318470516
COFORGE-ICICIPRULI,negative,CLOSE,CLOSE,CLOSE,2024-02-20,11,1302.60107421875,520.4204711914062,,,10.045925154741996,158.20824012727894,10026.001558597794
COFORGE-ICICIPRULI,negative,OPEN_SHORT,—,COFORGE+ICICIPRULI,2024-02-28,17,1265.638427734375,522.0665283203125,3.9608474817509234,9.602225975734617,10.026001558597795,,10015.975557039197
COFORGE-ICICIPRULI,negative,CLOSE,CLOSE,CLOSE,2024-03-22,33,1084.63134765625,580.4784545898438,,,9.869944637009253,146.1869769515316,10162.16253399073
COFORGE-ICICIPRULI,negative,OPEN_LONG,COFORGE+ICICIPRULI,—,2024-03-26,34,1086.041137695312,598.4860229492188,4.678534809259553,8.489891279259654,10.16216253399073,,10152.00037145674
COFORGE-ICICIPRULI,negative,CLOSE,CLOSE,CLOSE,2024-07-09,103,1132.529907226562,645.644287109375,,,10.780030396120662,607.087831733811,10759.08820319055
COFORGE-ICICIPRULI,negative,OPEN_LONG,COFORGE+ICICIPRULI,—,2024-07-11,105,1093.770629882812,652.4852294921875,4.918347553519192,8.244698666638072,10.759088203190549,,10748.329114987358
COFORGE-ICICIPRULI,negative,CLOSE,CLOSE,CLOSE,2024-07-12,106,1175.191772460938,650.2881469726562,,,11.141431397275142,371.2017626873146,11119.530877674673
COFORGE-ICICIPRULI,negative,OPEN_LONG,COFORGE+ICICIPRULI,—,2024-07-15,107,1163.0712890625,653.384033203125,4.780244763258507,8.509184731039959,11.119530877674674,,11108.411346796998
COFORGE-ICICIPRULI,negative,CLOSE,CLOSE,CLOSE,2024-07-16,108,1159.316284179688,653.48388671875,,,11.102430707258097,-28.20260112383359,11080.208745673164
COFORGE-ICICIPRULI,negative,OPEN_LONG,COFORGE+ICICIPRULI,—,2024-07-18,109,1179.11376953125,653.9332885742188,4.698532504661547,8.471971789226025,11.080208745673165,,11069.128536927492
COFORGE-ICICIPRULI,negative,CLOSE,CLOSE,CLOSE,2024-07-22,111,1194.566284179688,632.9611206054688,,,10.97513727263745,-116.04661030835268,10953.08192661914
COFORGE-ICICIPRULI,negative,OPEN_LONG,COFORGE+ICICIPRULI,—,2024-07-23,112,1214.845336914062,637.5550537109375,4.508014968572892,8.58991067741201,10.95308192661914,,10942.128844692521
COFORGE-ICICIPRULI,negative,CLOSE,CLOSE,CLOSE,2024-07-26,115,1247.15625,723.9405517578125,,,11.840783718505213,875.8610081675668,11817.989852860088
COFORGE-ICICIPRULI,negative,OPEN_LONG,COFORGE+ICICIPRULI,—,2024-07-29,116,1241.209106445312,718.0982666015625,4.760676420875418,8.228671758803529,11.817989852860087,,11806.171863007228
COFORGE-ICICIPRULI,negative,CLOSE,CLOSE,CLOSE,2024-07-30,117,1241.120361328125,722.8919067382812,,,11.857012657288113,27.16579177073636,11833.337654777964
COFORGE-ICICIPRULI,negative,OPEN_LONG,COFORGE+ICICIPRULI,—,2024-07-31,118,1239.64599609375,734.9759521484375,4.772869711218368,8.050152947309,11.833337654777965,,11821.504317123186
COFORGE-ICICIPRULI,negative,CLOSE,CLOSE,CLOSE,2024-08-01,119,1235.842041015625,733.7276000976562,,,11.80513244786187,-40.0103393639559,11781.49397775923
COFORGE-ICICIPRULI,negative,OPEN_LONG,COFORGE+ICICIPRULI,—,2024-08-02,120,1198.937133789062,727.6356201171875,4.9133076479688205,8.095737517537824,11.78149397775923,,11769.71248378147
COFORGE-ICICIPRULI,negative,CLOSE,CLOSE,CLOSE,2024-08-09,125,1159.182983398438,738.2715454101562,,,11.672275266034491,-120.89098699077392,11648.821496790695
COFORGE-ICICIPRULI,negative,OPEN_LONG,COFORGE+ICICIPRULI,—,2024-08-12,126,1158.423828125,727.7854614257812,5.02787546922495,8.002922642869137,11.648821496790696,,11637.172675293905
COFORGE-ICICIPRULI,negative,CLOSE,CLOSE,CLOSE,2024-09-05,143,1291.864501953125,757.046630859375,,,12.553919462744911,892.5440464914702,12529.716721785375
COFORGE-ICICIPRULI,negative,OPEN_LONG,COFORGE+ICICIPRULI,—,2024-09-06,144,1306.338745117188,749.656494140625,4.795738000047365,8.356972039673265,12.529716721785375,,12517.18700506359
COFORGE-ICICIPRULI,negative,CLOSE,CLOSE,CLOSE,2024-09-09,145,1279.934326171875,757.1465454101562,,,12.46568219551536,-76.50020846553137,12440.686796598058
COFORGE-ICICIPRULI,negative,OPEN_LONG,COFORGE+ICICIPRULI,—,2024-09-11,147,1349.021118164062,749.9061279296875,4.611005205585327,8.294829401477113,12.440686796598058,,12428.246109801461
COFORGE-ICICIPRULI,negative,CLOSE,CLOSE,CLOSE,2024-09-12,148,1356.001953125,754.6498413085938,,,12.512223756149808,59.02473579559904,12487.27084559706
COFORGE-ICICIPRULI,negative,OPEN_LONG,COFORGE+ICICIPRULI,—,2024-09-13,149,1383.066650390625,754.2503662109375,4.514341677630008,8.277934890723545,12.487270845597061,,12474.783574751464
COFORGE-ICICIPRULI,negative,CLOSE,CLOSE,CLOSE,2024-09-16,150,1378.245239257812,748.907470703125,,,12.421277207233603,-78.41491557069162,12396.368659180773
COFORGE-ICICIPRULI,negative,OPEN_LONG,COFORGE+ICICIPRULI,—,2024-09-17,151,1380.069458007812,749.00732421875,4.491211868812549,8.275198558379099,12.396368659180773,,12383.972290521591
COFORGE-ICICIPRULI,negative,CLOSE,CLOSE,CLOSE,2024-09-18,152,1352.896118164062,749.656494140625,,,12.27969944276089,-128.94891586264475,12255.023374658947
COFORGE-ICICIPRULI,negative,OPEN_LONG,COFORGE+ICICIPRULI,—,2024-09-19,153,1363.712036132812,754.1005249023438,4.493259225536904,8.125590004227869,12.255023374658947,,12242.768351284289
COFORGE-ICICIPRULI,negative,CLOSE,CLOSE,CLOSE,2024-09-20,154,1369.57861328125,766.9835205078125,,,12.386065366869799,118.65592684398145,12361.42427812827
COFORGE-ICICIPRULI,negative,OPEN_LONG,COFORGE+ICICIPRULI,—,2024-09-23,155,1357.7373046875,790.0029907226562,4.552215010757697,7.823656633768336,12.36142427812827,,12349.062853850142
COFORGE-ICICIPRULI,negative,CLOSE,CLOSE,CLOSE,2024-09-24,156,1379.9609375,774.67333984375,,,12.342657108218791,-31.109827017696478,12317.953026832445
COFORGE-ICICIPRULI,negative,OPEN_SHORT,—,COFORGE+ICICIPRULI,2024-09-24,156,1379.9609375,774.67333984375,4.4631527937117585,7.950417545876143,12.317953026832445,,12305.635073805614
COFORGE-ICICIPRULI,negative,CLOSE,CLOSE,CLOSE,2026-02-01,493,1655.400024414062,643.4500122070312,,,12.503999510619135,-198.5504832973085,12107.084590508304
BAJFINANCE-TCS,negative,OPEN_LONG,BAJFINANCE+TCS,—,2024-02-20,11,668.8543701171875,3779.986572265625,7.475468836548035,1.322756021591667,10.0,,9990.0
BAJFINANCE-TCS,negative,CLOSE,CLOSE,CLOSE,2025-11-11,436,1005.200012207031,2992.597900390625,,,11.472818258695643,1461.345440436947,11451.345440436948
BAJFINANCE-TCS,negative,OPEN_LONG,BAJFINANCE+TCS,—,2025-11-27,448,1033.800048828125,3080.59814453125,5.538472093040498,1.858623699550953,11.451345440436947,,11439.89409499651
BAJFINANCE-TCS,negative,CLOSE,CLOSE,CLOSE,2026-02-01,493,902.3499755859376,3186.89990234375,,,10.920887844531203,-541.3784837502773,10898.515611246234
PERSISTENT-LTIM,negative,OPEN_LONG,PERSISTENT+LTIM,—,2024-02-05,0,4226.78369140625,5303.32763671875,1.1829325475457442,0.9428042811048304,10.0,,9990.0
PERSISTENT-LTIM,negative,CLOSE,CLOSE,CLOSE,2024-09-16,150,5250.45458984375,6319.73095703125,,,12.169203025456902,2157.033822431445,12147.033822431446
PERSISTENT-LTIM,negative,OPEN_LONG,PERSISTENT+LTIM,—,2024-09-17,151,5304.880859375,6351.509765625,1.1448922364547278,0.9562320039380555,12.147033822431446,,12134.886788609014
PERSISTENT-LTIM,negative,CLOSE,CLOSE,CLOSE,2024-12-19,215,6610.5615234375,6140.72705078125,,,13.440340300195112,1279.866137463472,13414.752926072486
PERSISTENT-LTIM,negative,OPEN_LONG,PERSISTENT+LTIM,—,2024-12-20,216,6307.97412109375,5749.515625,1.0633170546161403,1.1665985276866246,13.414752926072486,,13401.338173146414
PERSISTENT-LTIM,negative,CLOSE,CLOSE,CLOSE,2026-02-01,493,6068.0,6070.5,,,13.534044249732393,105.75727941017574,13507.09545255659
ZYDUSLIFE-LTIM,negative,OPEN_LONG,ZYDUSLIFE+LTIM,—,2024-02-05,0,750.4107666015625,5303.32763671875,6.663017406644961,0.9428042811048304,10.0,,9990.0
ZYDUSLIFE-LTIM,negative,CLOSE,CLOSE,CLOSE,2024-07-04,100,1121.375366210938,5371.34619140625,,,12.535871769000286,2523.335897231285,12513.335897231285
ZYDUSLIFE-LTIM,negative,OPEN_LONG,ZYDUSLIFE+LTIM,—,2024-07-05,101,1146.425170898438,5334.15625,5.457545862947493,1.1729442587317616,12.513335897231286,,12500.822561334055
ZYDUSLIFE-LTIM,negative,CLOSE,CLOSE,CLOSE,2026-02-01,493,878.0999755859375,6070.5,,,11.912629011644487,-612.6195145984437,11888.20304673561
SBIN-LTIM,negative,OPEN_LONG,SBIN+LTIM,—,2024-02-05,0,619.8984985351562,5303.32763671875,8.065836603597509,0.9428042811048304,10.0,,9990.0
SBIN-LTIM,negative,CLOSE,CLOSE,CLOSE,2024-07-09,103,844.3458862304688,5290.3251953125,,,11.798097197832067,1786.2991006342334,11776.299100634233
SBIN-LTIM,negative,OPEN_LONG,SBIN+LTIM,—,2024-07-10,104,832.2880249023438,5289.4404296875,7.074653694564452,1.113189500588626,11.776299100634233,,11764.522801533598
SBIN-LTIM,negative,CLOSE,CLOSE,CLOSE,2026-02-01,493,1018.200012207031,6070.5,,,13.961029341489297,2170.7692115135746,13935.292013047172
WIPRO-TCS,negative,OPEN_LONG,WIPRO+TCS,—,2024-02-05,0,226.0776062011719,3726.203369140625,22.11629928331257,1.3418483922290991,10.0,,9990.0
WIPRO-TCS,negative,CLOSE,CLOSE,CLOSE,2026-02-01,493,241.8000030517578,3186.89990234375,,,9.624057744353602,-385.5663133907507,9604.433686609249
SUNPHARMA-TCS,negative,OPEN_LONG,SUNPHARMA+TCS,—,2024-02-05,0,1437.478393554688,3726.203369140625,3.478313150596777,1.3418483922290991,10.0,,9990.0
SUNPHARMA-TCS,negative,CLOSE,CLOSE,CLOSE,2024-11-06,186,1810.54248046875,3929.06884765625,,,11.569848435713538,1558.2785872778256,11548.278587277826
SUNPHARMA-TCS,negative,OPEN_LONG,SUNPHARMA+TCS,—,2024-12-17,213,1772.497802734375,4108.31201171875,3.2576284634775483,1.4054773048318812,11.548278587277826,,11536.730308690549
SUNPHARMA-TCS,negative,CLOSE,CLOSE,CLOSE,2026-02-01,493,1610.099975585938,3186.89990234375,,,9.724222995028336,-1833.7798152445175,9702.950493446031
ICICIBANK-LTIM,negative,OPEN_LONG,ICICIBANK+LTIM,—,2024-02-05,0,1006.994079589844,5303.32763671875,4.965272489026486,0.9428042811048304,10.0,,9990.0
ICICIBANK-LTIM,negative,CLOSE,CLOSE,CLOSE,2024-09-30,160,1263.252685546875,6143.52294921875,,,12.064533543823934,2052.469010280112,12042.469010280112
ICICIBANK-LTIM,negative,OPEN_LONG,ICICIBANK+LTIM,—,2024-10-01,161,1264.641967773438,6172.15283203125,4.761216738474369,0.9755485110303844,12.042469010280113,,12030.426541269831
ICICIBANK-LTIM,negative,CLOSE,CLOSE,CLOSE,2026-02-01,493,1334.199951171875,6070.5,,,12.274482376201165,219.73888354485186,12250.165424814682
AXISBANK-LTIM,negative,OPEN_LONG,AXISBANK+LTIM,—,2024-02-05,0,1059.775756835938,5303.32763671875,4.717979221309967,0.9428042811048304,10.0,,9990.0
AXISBANK-LTIM,negative,CLOSE,CLOSE,CLOSE,2024-11-01,183,1168.551391601562,5658.00634765625,,,10.847593791697635,836.7461979059366,10826.746197905937
AXISBANK-LTIM,negative,OPEN_LONG,AXISBANK+LTIM,—,2024-11-04,184,1138.277221679688,5663.484375,4.755759841143774,0.9558379154092693,10.826746197905937,,10815.91945170803
AXISBANK-LTIM,negative,CLOSE,CLOSE,CLOSE,2026-02-01,493,1340.400024414062,6070.5,,,12.1770346726685,1338.1114400898937,12154.030891797924
ALKEM-TCS,negative,OPEN_LONG,ALKEM+TCS,—,2024-02-05,0,4841.01904296875,3726.203369140625,1.032840390756603,1.3418483922290991,10.0,,9990.0
ALKEM-TCS,negative,CLOSE,CLOSE,CLOSE,2024-07-02,98,4868.880859375,3794.944091796875,,,10.121016437521176,110.89542108365428,10100.895421083655
ALKEM-TCS,negative,OPEN_LONG,ALKEM+TCS,—,2024-07-03,99,4919.353515625,3745.68212890625,1.0266486631831686,1.3483385767218246,10.100895421083655,,10090.794525662572
ALKEM-TCS,negative,CLOSE,CLOSE,CLOSE,2024-07-08,102,5167.857421875,3772.084228515625,,,10.391620593640786,280.3335519634897,10371.128077626061
ALKEM-TCS,negative,OPEN_LONG,ALKEM+TCS,—,2024-07-09,103,5269.099609375,3764.810302734375,0.984146139425161,1.3773772439601444,10.37112807762606,,10360.756949548435
ALKEM-TCS,negative,CLOSE,CLOSE,CLOSE,2025-12-19,464,5555.5,3223.402099609375,,,9.907264577711787,-473.7707644919864,9886.986185056448
ALKEM-TCS,negative,OPEN_LONG,ALKEM+TCS,—,2025-12-22,465,5624.0,3265.5361328125,0.8789994830242219,1.5138381238092609,9.886986185056449,,9877.099198871392
ALKEM-TCS,negative,CLOSE,CLOSE,CLOSE,2026-02-01,493,5565.0,3186.89990234375,,,9.716082691961775,-180.619575786636,9696.479623084757
LTIM-TCS,negative,OPEN_LONG,LTIM+TCS,—,2024-02-05,0,5303.32763671875,3726.203369140625,0.9428042811048304,1.3418483922290991,10.0,,9990.0
LTIM-TCS,negative,CLOSE,CLOSE,CLOSE,2025-12-23,466,6202.5,3250.902099609375,,,10.209961309207753,199.75134789854508,10189.751347898546
LTIM-TCS,negative,OPEN_LONG,LTIM+TCS,—,2025-12-26,468,6035.5,3221.437744140625,0.8441513833069791,1.5815533555525594,10.189751347898547,,10179.561596550648
LTIM-TCS,negative,CLOSE,CLOSE,CLOSE,2026-02-01,493,6070.5,3186.89990234375,,,10.164673206726897,-35.242814378373716,10144.318782172273
INFY-TORNTPHARM,negative,OPEN_LONG,INFY+TORNTPHARM,—,2024-02-06,1,1628.2509765625,2558.83544921875,3.0707796721582845,1.9540138860928213,10.0,,9990.0
INFY-TORNTPHARM,negative,CLOSE,CLOSE,CLOSE,2024-08-02,120,1748.938354492188,3197.03369140625,,,11.617652574146975,1606.0349215728274,11596.034921572827
INFY-TORNTPHARM,negative,OPEN_LONG,INFY+TORNTPHARM,—,2024-08-08,124,1673.9853515625,3301.320068359375,3.463601073554519,1.7562724427588743,11.596034921572828,,11584.438886651255
INFY-TORNTPHARM,negative,CLOSE,CLOSE,CLOSE,2024-09-20,154,1830.133544921875,3424.52294921875,,,12.353247796247782,744.8596268787072,12329.298513529962
INFY-TORNTPHARM,negative,OPEN_LONG,INFY+TORNTPHARM,—,2024-09-23,155,1821.202514648438,3424.374267578125,3.384933420188581,1.8002264866699003,12.329298513529963,,12316.969215016432
INFY-TORNTPHARM,negative,CLOSE,CLOSE,CLOSE,2024-09-24,156,1823.267211914062,3437.496826171875,,,12.359910953860291,18.25252937646914,12335.2217443929
INFY-TORNTPHARM,negative,OPEN_LONG,INFY+TORNTPHARM,—,2024-09-26,158,1824.851684570312,3379.4609375,3.3797874777142254,1.8250280107569523,12.3352217443929,,12322.886522648507
INFY-TORNTPHARM,negative,CLOSE,CLOSE,CLOSE,2024-09-27,159,1831.093994140625,3449.084228515625,,,12.483383880415259,135.6787521419426,12458.56527479045
INFY-TORNTPHARM,negative,OPEN_LONG,INFY+TORNTPHARM,—,2024-10-01,161,1828.789184570312,3337.46875,3.4062333099694277,1.8664692028637646,12.45856527479045,,12446.10670951566
INFY-TORNTPHARM,negative,CLOSE,CLOSE,CLOSE,2024-10-09,166,1875.268676757812,3523.01611328125,,,12.963203708547004,491.67523004800734,12937.781939563667
INFY-TORNTPHARM,negative,OPEN_LONG,INFY+TORNTPHARM,—,2024-10-10,167,1842.857788085938,3410.113037109375,3.510249684811908,1.896972592810375,12.937781939563667,,12924.844157624104
INFY-TORNTPHARM,negative,CLOSE,CLOSE,CLOSE,2026-02-01,493,1654.5,3997.10009765625,,,13.39009743949488,438.9254024917193,13363.769560115823
ZYDUSLIFE-TCS,negative,OPEN_LONG,ZYDUSLIFE+TCS,—,2024-02-05,0,750.4107666015625,3726.203369140625,6.663017406644961,1.3418483922290991,10.0,,9990.0
ZYDUSLIFE-TCS,negative,CLOSE,CLOSE,CLOSE,2025-11-06,433,936.7000122070312,2957.142333984375,,,10.209285172589537,199.0758874169464,10189.075887416946
ZYDUSLIFE-TCS,negative,OPEN_LONG,ZYDUSLIFE+TCS,—,2025-12-31,471,914.3499755859376,3148.955322265625,5.571759260390169,1.6178501827847565,10.189075887416946,,10178.88681152953
ZYDUSLIFE-TCS,negative,CLOSE,CLOSE,CLOSE,2026-02-01,493,878.0999755859375,3186.89990234375,,,10.048488260042886,-150.63611563410177,10028.250695895429
WIPRO-TORNTPHARM,negative,OPEN_LONG,WIPRO+TORNTPHARM,—,2024-02-05,0,226.0776062011719,2591.13037109375,22.11629928331257,1.9296597561354794,10.0,,9990.0
WIPRO-TORNTPHARM,negative,CLOSE,CLOSE,CLOSE,2025-07-02,347,255.2593536376953,3349.39990234375,,,12.10859445867303,2096.485864214357,12086.485864214357
WIPRO-TORNTPHARM,negative,OPEN_LONG,WIPRO+TORNTPHARM,—,2025-07-03,348,255.3071594238281,3334.10009765625,23.670479690994345,1.8125559386640362,12.086485864214357,,12074.399378350143
WIPRO-TORNTPHARM,negative,CLOSE,CLOSE,CLOSE,2026-02-01,493,241.8000030517578,3997.10009765625,,,12.968489580960439,869.0352271651211,12943.434605515264
TECHM-TCS,negative,OPEN_LONG,TECHM+TCS,—,2024-02-20,11,1248.854370117188,3779.986572265625,4.003669378624842,1.322756021591667,10.0,,9990.0
TECHM-TCS,negative,CLOSE,CLOSE,CLOSE,2024-12-09,207,1727.857421875,4225.67236328125,,,12.507303414394366,2494.796110979971,12484.79611097997
TECHM-TCS,negative,OPEN_LONG,TECHM+TCS,—,2024-12-12,210,1739.27685546875,4228.330078125,3.5890767107388464,1.4763270464112155,12.484796110979971,,12472.31131486899
TECHM-TCS,negative,CLOSE,CLOSE,CLOSE,2026-02-01,493,1717.300048828125,3186.89990234375,,,10.868428130635046,-1627.2364084755588,10845.07490639343
BIOCON-TCS,negative,OPEN_LONG,BIOCON+TCS,—,2024-02-05,0,283.8765258789062,3726.203369140625,17.61329149889928,1.3418483922290991,10.0,,9990.0
BIOCON-TCS,negative,CLOSE,CLOSE,CLOSE,2024-07-25,114,361.3668518066406,4092.6328125,,,11.85655245834708,1844.6959058887333,11834.695905888733
BIOCON-TCS,negative,OPEN_LONG,BIOCON+TCS,—,2024-07-26,115,368.0079650878906,4154.50830078125,16.079401845368043,1.4243196846740243,11.834695905888733,,11822.861209982844
BIOCON-TCS,negative,CLOSE,CLOSE,CLOSE,2026-02-01,493,368.2000122070312,3186.89990234375,,,10.459600219740201,-1385.5552863682715,10437.305923614573
PERSISTENT-TCS,negative,OPEN_LONG,PERSISTENT+TCS,—,2024-02-05,0,4226.78369140625,3726.203369140625,1.1829325475457442,1.3418483922290991,10.0,,9990.0
PERSISTENT-TCS,negative,CLOSE,CLOSE,CLOSE,2026-02-01,493,6068.0,3186.89990234375,,,11.45437120866261,1442.916837453947,11432.916837453948
COFORGE-TCS,negative,OPEN_LONG,COFORGE+TCS,—,2024-02-07,2,1288.906616210938,3829.4560546875,3.8792569896946802,1.305668462725843,10.0,,9990.0
COFORGE-TCS,negative,CLOSE,CLOSE,CLOSE,2025-01-13,231,1721.170043945312,4072.814697265625,,,11.994606628173981,1982.6120215458066,11972.612021545807
COFORGE-TCS,negative,OPEN_LONG,COFORGE+TCS,—,2025-01-23,239,1818.225708007812,4006.97265625,3.292388829620037,1.4939722639323672,11.972612021545807,,11960.639409524261
COFORGE-TCS,negative,CLOSE,CLOSE,CLOSE,2026-02-01,493,1655.400024414062,3186.89990234375,,,10.211360610963926,-1771.4627711928445,10189.176638331417
AUROPHARMA-TCS,negative,OPEN_LONG,AUROPHARMA+TCS,—,2024-02-20,11,1048.46435546875,3779.986572265625,4.768879336641433,1.322756021591667,10.0,,9990.0
AUROPHARMA-TCS,negative,CLOSE,CLOSE,CLOSE,2024-06-27,95,1183.806274414062,3716.303955078125,,,10.561192715284216,550.6315225689315,10540.631522568932
AUROPHARMA-TCS,negative,OPEN_LONG,AUROPHARMA+TCS,—,2024-07-05,101,1298.675170898438,3789.654052734375,4.0582247812117656,1.3907115762932871,10.540631522568933,,10530.090891046364
AUROPHARMA-TCS,negative,CLOSE,CLOSE,CLOSE,2026-02-01,493,1172.099975585938,3186.89990234375,,,9.18870375365796,-1361.116472664632,9168.974418381731
LUPIN-LTIM,negative,OPEN_LONG,LUPIN+LTIM,—,2024-02-05,0,1556.601806640625,5303.32763671875,3.2121252710034645,0.9428042811048304,10.0,,9990.0
LUPIN-LTIM,negative,CLOSE,CLOSE,CLOSE,2024-09-13,149,2242.50244140625,6312.59814453125,,,13.154743317886453,3141.588574568566,13131.588574568566
LUPIN-LTIM,negative,OPEN_LONG,LUPIN+LTIM,—,2024-09-25,157,2207.37109375,6004.01220703125,2.974485942066932,1.0935677778261568,13.131588574568566,,13118.456985993998
LUPIN-LTIM,negative,CLOSE,CLOSE,CLOSE,2026-02-01,493,2135.199951171875,6070.5,,,12.989625433556427,-154.95276644569591,12963.504219548302
